Recipient,Total,From Individuals,From Organization,Recipient Type,View
Standing Strong PAC,5000000,0,5000000,Outside Group,Liberal
"Bell, Wesley",2555095,2550095,5000,Candidate (D-MO01),Democrat
"Latimer, George",2448899,2438899,10000,Candidate (D-NY16),Democrat
Voters for Responsive Government,1300000,0,1300000,Outside Group,Bipartisan
"Rosen, Jacky",1269951,1264951,5000,Candidate (D-NVS1),Democrat
"Menendez, Robert",1074760,1068760,6000,Candidate (I-NJS1),Independent
Blue Wave Action,950000,0,950000,Outside Group,Liberal
"Jeffries, Hakeem",866425,856425,10000,Candidate (D-NY08),Democrat
"Gottheimer, Josh",797189,787189,10000,Candidate (D-NJ05),Democrat
"Bacon, Donald John",697837,687837,10000,Candidate (R-NE02),Republican
"Aguilar, Pete",620898,610898,10000,Candidate (D-CA33),Democrat
"Calvert, Ken",620597,610597,10000,Candidate (R-CA41),Republican
"Johnson, Mike",618530,608530,10000,Candidate (R-LA04),Republican
"Ciscomani, Juan",618522,608522,10000,Candidate (R-AZ06),Republican
"Golden, Jared",565996,555996,10000,Candidate (D-ME02),Democrat
"Cruz, Ted",562593,552593,10000,Candidate (R-TXS2),Republican
"Tester, Jon",559123,554123,5000,Candidate (D-MTS1),Democrat
"Cole, Tom",552806,542806,10000,Candidate (R-OK04),Republican
"Davis, Don",537110,532110,5000,Candidate (D-NC01),Democrat
"Torres, Ritchie",535398,525398,10000,Candidate (D-NY15),Democrat
"Schultz, Debbie Wasserman",519842,509842,10000,Candidate (D-FL25),Democrat
"Gillibrand, Kirsten",480614,470614,10000,Candidate (D-NYS1),Democrat
"Diaz-Balart, Mario",480227,470227,10000,Candidate (R-FL26),Republican
"Scalise, Steve",473758,463758,10000,Candidate (R-LA01),Republican
"Meng, Grace",466548,462048,4500,Candidate (D-NY06),Democrat
"Casey, Bob",457453,447453,10000,Candidate (D-PAS2),Democrat
"Emmer, Tom",454467,444467,10000,Candidate (R-MN06),Republican
"Meeks, Gregory",448328,438328,10000,Candidate (D-NY05),Democrat
"Auchincloss, Jake",444480,434480,10000,Candidate (D-MA04),Democrat
"Fischer, Deb",430658,420658,10000,Candidate (R-NES1),Republican
"McCaul, Michael",418859,403859,15000,Candidate (R-TX10),Republican
"Lawler, Mike",392669,382669,10000,Candidate (R-NY17),Republican
"Weiss, Joanna",387499,387499,0,Candidate (D-CA47),Democrat
"Landsman, Greg",385808,375808,10000,Candidate (D-OH01),Democrat
"Clark, Katherine",371347,366347,5000,Candidate (D-MA05),Democrat
"Frankel, Lois",371164,361164,10000,Candidate (D-FL22),Democrat
"Stefanik, Elise",359494,354494,5000,Candidate (R-NY21),Republican
"Wicker, Roger",339103,334103,5000,Candidate (R-MSS2),Republican
"Smith, Adam",327764,317764,10000,Candidate (D-WA09),Democrat
"Craig, Angie",327675,322675,5000,Candidate (D-MN02),Democrat
"Moskowitz, Jared",322798,312798,10000,Candidate (D-FL23),Democrat
"Pappas, Chris",315442,305442,10000,Candidate (D-NH01),Democrat
"Schiff, Adam",311663,306663,5000,Candidate (D-CA30),Democrat
"Blackburn, Marsha",303547,293547,10000,Candidate (R-TNS1),Republican
"Gonzales, Tony",299102,284102,15000,Candidate (R-TX23),Republican
"Fitzpatrick, Brian",283462,273462,10000,Candidate (R-PA01),Republican
"Scott, Rick",269235,254235,15000,Candidate (R-FLS1),Republican
"Schneider, Brad",267310,257310,10000,Candidate (D-IL10),Democrat
"Kean, Thomas H Jr",264013,254013,10000,Candidate (R-NJ07),Republican
"Panetta, Jimmy",256767,246767,10000,Candidate (D-CA19),Democrat
"Messmer, Mark",256439,256439,0,Candidate (R-IN08),Republican
"Cramer, Kevin",251927,246927,5000,Candidate (R-NDS2),Republican
"Hoyer, Steny H",241150,231150,10000,Candidate (D-MD05),Democrat
"Menendez, Rob",235430,230430,5000,Candidate (D-NJ08),Democrat
"Manning, Kathy",225358,220358,5000,Candidate (D-NC06),Democrat
"Kim, Young",221197,211197,10000,Candidate (R-CA40),Republican
"Ryan, Pat",220662,210662,10000,Candidate (D-NY18),Democrat
"Cantwell, Maria",219250,219250,0,Candidate (D-WAS1),Democrat
"Ricketts, Pete",218644,208644,10000,Candidate (R-NES2),Republican
National Republican Senatorial Cmte,218600,188600,30000,Political Party,Republican
"Banks, Jim",205242,205242,0,Candidate (R-IN03),Republican
"Boyle, Brendan",200678,190678,10000,Candidate (D-PA02),Democrat
Women Vote!,200000,0,200000,Outside Group,Liberal
"Mast, Brian",197661,187661,10000,Candidate (R-FL21),Republican
"Goldman, Dan",194350,184350,10000,Candidate (D-NY10),Democrat
"Perez, Marie Gluesenkamp",190401,180401,10000,Candidate (D-WA03),Democrat
"Reschenthaler, Guy",188120,178120,10000,Candidate (R-PA14),Republican
"Gomez, Jimmy",167122,157122,10000,Candidate (D-CA34),Democrat
United Democracy Project,165000,165000,0,Outside Group,Bipartisan
"Espaillat, Adriano",160810,150810,10000,Candidate (D-NY13),Democrat
"Soto, Darren",159290,149290,10000,Candidate (D-FL09),Democrat
"Vargas, Juan",155802,150802,5000,Candidate (D-CA52),Democrat
"Turner, Michael R",154663,149663,5000,Candidate (R-OH10),Republican
"Thanedar, Shri",151647,141647,10000,Candidate (D-MI13),Democrat
"Whitehouse, Sheldon",147208,132208,15000,Candidate (D-RIS1),Democrat
"Strickland, Marilyn",145379,135379,10000,Candidate (D-WA10),Democrat
"Cartwright, Matt",144488,134488,10000,Candidate (D-PA08),Democrat
"Gallagher, Mike",144183,135308,8875,Candidate (R-WI08),Republican
"Steel, Michelle",143187,133187,10000,Candidate (R-CA45),Republican
"Barr, Andy",140097,130097,10000,Candidate (R-KY06),Republican
"Neguse, Joseph",139910,129910,10000,Candidate (D-CO02),Democrat
"Costa, Jim",136472,121472,15000,Candidate (D-CA21),Democrat
"Garcia, Mike",136412,126412,10000,Candidate (R-CA27),Republican
"Scholten, Hillary",135936,125936,10000,Candidate (D-MI03),Democrat
"Green, Mark",133602,123602,10000,Candidate (R-TN07),Republican
National Republican Congressional Cmte,129000,99000,30000,Political Party,Republican
"Klobuchar, Amy",127150,122150,5000,Candidate (D-MNS2),Democrat
"Wilson, Joe",126350,121350,5000,Candidate (R-SC02),Republican
"Fletcher, Lizzie",124531,114531,10000,Candidate (D-TX07),Democrat
"DelBene, Suzan",123400,118400,5000,Candidate (D-WA01),Democrat
"Cherfilus-McCormick, Sheila",123388,113388,10000,Candidate (D-FL20),Democrat
DNC Services Corp,123239,123239,0,Political Party,Democrat
"Hudson, Richard",122789,112789,10000,Candidate (R-NC09),Republican
"Chavez-Deremer, Lori",122354,117354,5000,Candidate (R-OR05),Republican
"Sinema, Kyrsten",121450,121450,0,Candidate (I-AZS2),Independent
"Hawley, Josh",119205,109205,10000,Candidate (R-MOS2),Republican
"Horsford, Steven",117875,107875,10000,Candidate (D-NV04),Democrat
"Brown, Shontel",113620,103620,10000,Candidate (D-OH11),Democrat
"Caraveo, Yadira",107650,97650,10000,Candidate (D-CO08),Democrat
"Newhouse, Dan",106458,101458,5000,Candidate (R-WA04),Republican
"Waltz, Michael",102872,92872,10000,Candidate (R-FL06),Republican
"Morelle, Joseph D",99870,89870,10000,Candidate (D-NY25),Democrat
"Trone, David",99600,99600,0,Candidate (D-MD06),Democrat
"Womack, Steve",98047,83047,15000,Candidate (R-AR03),Republican
"Gonzalez, Vicente",97750,91750,6000,Candidate (D-TX34),Democrat
"Levin, Mike",97522,87522,10000,Candidate (D-CA49),Democrat
"Molinaro, Marc",97058,87058,10000,Candidate (R-NY19),Republican
"Jack, Brian",94752,79752,15000,Candidate (R-GA03),Republican
"Garbarino, Andrew",93890,83890,10000,Candidate (R-NY02),Republican
"Williams, Nikema Natassha",91140,81140,10000,Candidate (D-GA05),Democrat
"Norcross, Don",90805,80805,10000,Candidate (D-NJ01),Democrat
"Sykes, Emilia",90653,75653,15000,Candidate (D-OH13),Democrat
"Curtis, John",88400,78400,10000,Candidate (R-UT03),Republican
"Sorensen, Eric",87014,82014,5000,Candidate (D-IL17),Democrat
"Malliotakis, Nicole",85400,75400,10000,Candidate (R-NY11),Republican
"Ellzey, Jake",83008,73008,10000,Candidate (R-TX06),Republican
"Amo, Gabe",82963,67963,15000,Candidate (D-RI01),Democrat
"Salinas, Andrea",82450,72450,10000,Candidate (D-OR06),Democrat
"Suozzi, Tom",81660,71660,10000,Candidate (D-NY03),Democrat
Republican National Cmte,78470,78470,0,Political Party,Republican
"Yakym, Rudy",77486,72486,5000,Candidate (R-IN02),Republican
"Schweikert, David",75751,65751,10000,Candidate (R-AZ01),Republican
"Kelly, Mike",73800,68800,5000,Candidate (R-PA16),Republican
"Ruiz, Raul",73717,63717,10000,Candidate (D-CA25),Democrat
"Titus, Dina",71050,61050,10000,Candidate (D-NV01),Democrat
"Schrier, Kim",67950,57950,10000,Candidate (D-WA08),Democrat
"Granger, Kay",66750,61750,5000,Candidate (R-TX12),Republican
"Valadao, David",65397,55397,10000,Candidate (R-CA22),Republican
"Ivey, Glenn",64100,54100,10000,Candidate (D-MD04),Democrat
"Goodlander, Maggie",63850,53850,10000,Candidate (D-NH02),Democrat
"Veasey, Marc",60128,50128,10000,Candidate (D-TX33),Democrat
"Stanton, Greg",58750,48750,10000,Candidate (D-AZ04),Democrat
"Letlow, Julia",58450,48450,10000,Candidate (R-LA05),Republican
"Williams, Brandon",57889,47889,10000,Candidate (R-NY22),Republican
"Pascrell, Bill Jr",57700,52700,5000,Candidate (D-NJ09),Democrat
"De La Cruz, Monica",57406,47406,10000,Candidate (R-TX15),Republican
"Hunt, Wesley",56724,51724,5000,Candidate (R-TX38),Republican
"Bost, Mike",56270,46270,10000,Candidate (R-IL12),Republican
"Ross, Deborah",55438,45438,10000,Candidate (D-NC02),Democrat
"Nunn, Zach",54987,44987,10000,Candidate (R-IA03),Republican
"Crenshaw, Dan",54118,44118,10000,Candidate (R-TX02),Republican
"Harder, Josh",49804,44804,5000,Candidate (D-CA09),Democrat
"Lamborn, Doug",49653,39653,10000,Candidate (R-CO05),Republican
"Webster, Daniel",49550,39550,10000,Candidate (R-FL11),Republican
"Barragan, Nanette",49522,44522,5000,Candidate (D-CA44),Democrat
"Kiggans, Jen",49051,39051,10000,Candidate (R-VA02),Republican
"McGarvey, Morgan",49003,44003,5000,Candidate (D-KY03),Democrat
"Cuellar, Henry",48600,38600,10000,Candidate (D-TX28),Democrat
"Sewell, Terri",48050,38050,10000,Candidate (D-AL07),Democrat
"Smith, Jason",47300,37300,10000,Candidate (R-MO08),Republican
"Stevens, Haley",47100,37100,10000,Candidate (D-MI11),Democrat
"Goldman, Craig",45350,40350,5000,Candidate (R-TX12),Republican
"Beatty, Joyce",45050,40050,5000,Candidate (D-OH03),Democrat
"Lieu, Ted",44987,34987,10000,Candidate (D-CA36),Democrat
"Van Duyne, Beth",44750,34750,10000,Candidate (R-TX24),Republican
"Kustoff, David",44600,34600,10000,Candidate (R-TN08),Republican
"Peltola, Mary",44518,39518,5000,Candidate (D-AK01),Democrat
"Miller, Max",44150,39150,5000,Candidate (R-OH07),Republican
"Maloy, Celeste",43508,28508,15000,Candidate (R-UT02),Republican
"Mace, Nancy",43305,33305,10000,Candidate (R-SC01),Republican
"Loudermilk, Barry",43100,33100,10000,Candidate (R-GA11),Republican
"Moulton, Seth",42850,32850,10000,Candidate (D-MA06),Democrat
"McHenry, Patrick",41950,40950,1000,Candidate (R-NC10),Republican
"Mrvan, Frank Jr",41823,31823,10000,Candidate (D-IN01),Democrat
"Timmons, William",41597,31597,10000,Candidate (R-SC04),Republican
"Carter, Troy",41350,36350,5000,Candidate (D-LA02),Democrat
"Wild, Susan",40900,45900,-5000,Candidate (D-PA07),Democrat
"Budzinski, Nikki",40704,35704,5000,Candidate (D-IL13),Democrat
"Van Orden, Derrick",40400,35400,5000,Candidate (R-WI03),Republican
"Kennedy, Timothy",39750,29750,10000,Candidate (D-NY26),Democrat
"Tenney, Claudia",39650,29650,10000,Candidate (R-NY24),Republican
"Franklin, Scott",39500,29500,10000,Candidate (R-FL18),Republican
"Wenstrup, Brad",39300,29300,10000,Candidate (R-OH02),Republican
"Graves, Garret",38900,33900,5000,Candidate (R-LA06),Republican
"Pfluger, August",38850,28850,10000,Candidate (R-TX11),Republican
"Deluzio, Christopher",37900,32900,5000,Candidate (D-PA17),Democrat
"Delaney, April",37900,27900,10000,Candidate (D-MD06),Democrat
"Scott, David",37500,27500,10000,Candidate (D-GA13),Democrat
"Harris, Kamala",37427,37427,0,Candidate (D-PRES),Democrat
"Subramanyam, Suhas",37250,32250,5000,Candidate (D-VA10),Democrat
"Fry, Russell",37200,27200,10000,Candidate (R-SC07),Republican
"Neal, Richard E",37100,27100,10000,Candidate (D-MA01),Democrat
"Wittman, Rob",36851,26851,10000,Candidate (R-VA01),Republican
"Johnson, Julie",36510,31510,5000,Candidate (D-TX32),Democrat
"Davids, Sharice",36504,26504,10000,Candidate (D-KS03),Democrat
"Figures, Shomari",36300,31300,5000,Candidate (D-AL02),Democrat
"McCarthy, Kevin",36000,33500,2500,Candidate (R-CA20),Republican
"King, Angus",35950,30950,5000,Candidate (I-MES1),Independent
Democratic Senatorial Campaign Cmte,35775,5775,30000,Political Party,Democrat
"Steil, Bryan",35750,30750,5000,Candidate (R-WI01),Republican
"Houlahan, Chrissy",35710,25710,10000,Candidate (D-PA06),Democrat
"Carter, Buddy",35666,25666,10000,Candidate (R-GA01),Republican
Democratic Congressional Campaign Cmte,35556,5556,30000,Political Party,Democrat
"Van Drew, Jeff",35300,25300,10000,Candidate (R-NJ02),Republican
"Weber, Randy",35002,25002,10000,Candidate (R-TX14),Republican
"Aderholt, Robert B",34804,29804,5000,Candidate (R-AL04),Republican
"Pou, Nelida",34786,29786,5000,Candidate (D-NJ09),Democrat
"Pettersen, Brittany",34610,24610,10000,Candidate (D-CO07),Democrat
"Walberg, Tim",34450,24450,10000,Candidate (R-MI05),Republican
"Issa, Darrell",34222,24222,10000,Candidate (R-CA48),Republican
"Carey, Mike",34150,24150,10000,Candidate (R-OH15),Republican
"Edwards, Chuck",34085,24085,10000,Candidate (R-NC11),Republican
"Bera, Ami",34069,34069,0,Candidate (D-CA06),Democrat
"Murphy, Greg",34008,24008,10000,Candidate (R-NC03),Republican
"Spartz, Victoria",33700,23700,10000,Candidate (R-IN05),Republican
"Brownley, Julia",33622,23622,10000,Candidate (D-CA26),Democrat
"Mann, Tracey",33607,23607,10000,Candidate (R-KS01),Republican
"Salazar, Maria",33607,23607,10000,Candidate (R-FL27),Republican
"Smucker, Lloyd",33450,23450,10000,Candidate (R-PA11),Republican
"Palmer, Gary",33250,28250,5000,Candidate (R-AL06),Republican
"Spanberger, Abigail",32900,32900,0,Candidate (D-VA07),Democrat
"Sanchez, Linda",32322,23322,9000,Candidate (D-CA38),Democrat
"McBride, Sarah",32260,22260,10000,Candidate (D-DE01),Democrat
"Langworthy, Nick",31550,21550,10000,Candidate (R-NY23),Republican
"Hern, Kevin",31350,21350,10000,Candidate (R-OK01),Republican
"Cardenas, Tony",31050,31050,0,Candidate (D-CA29),Democrat
"Fischbach, Michelle",30250,25250,5000,Candidate (R-MN07),Republican
"Jackson, Ronny",29646,9646,20000,Candidate (R-TX13),Republican
"Moran, Nathaniel",29600,19600,10000,Candidate (R-TX01),Republican
"Magaziner, Seth",29100,24100,5000,Candidate (D-RI02),Democrat
"Carl, Jerry",28900,23900,5000,Candidate (R-AL01),Republican
"Lee, Laurel",28787,18787,10000,Candidate (R-FL15),Republican
"LaHood, Darin",28710,23710,5000,Candidate (R-IL16),Republican
"Owens, Burgess",28645,23645,5000,Candidate (R-UT04),Republican
"Larsen, Rick",27800,22800,5000,Candidate (D-WA02),Democrat
"Smith, Chris",27500,17500,10000,Candidate (R-NJ04),Republican
"Duarte, John",27280,22280,5000,Candidate (R-CA13),Republican
"Bergman, John",27250,17250,10000,Candidate (R-MI01),Republican
"Moore, Riley",27250,17250,10000,Candidate (R-WV02),Republican
"Rose, John",26908,16908,10000,Candidate (R-TN06),Republican
"Nickel, Wiley",26858,21858,5000,Candidate (D-NC13),Democrat
"Hill, French",26800,16800,10000,Candidate (R-AR02),Republican
"Balderson, Troy",26550,21550,5000,Candidate (R-OH12),Republican
"Cisneros, Gil",26100,21100,5000,Candidate (D-CA31),Democrat
"Allen, Richard W",25550,15550,10000,Candidate (R-GA12),Republican
"Cammack, Kat",25360,15360,10000,Candidate (R-FL03),Republican
"Gimenez, Carlos",24850,14850,10000,Candidate (R-FL28),Republican
"Buchanan, Vernon",24000,14000,10000,Candidate (R-FL16),Republican
"Castor, Kathy",23960,13960,10000,Candidate (D-FL14),Democrat
"Hinson, Ashley",23846,18846,5000,Candidate (R-IA02),Republican
"Dunn, Neal",23608,13608,10000,Candidate (R-FL02),Republican
"Luttrell, Morgan",23600,13600,10000,Candidate (R-TX08),Republican
"McClellan, Jennifer",23550,13550,10000,Candidate (D-VA04),Democrat
"Mills, Cory",23350,23350,0,Candidate (R-FL07),Republican
"Manchin, Joe",23300,23300,0,Candidate (D-WVS1),Democrat
"Grothman, Glenn",23300,13300,10000,Candidate (R-WI06),Republican
"Cloud, Michael",23001,13001,10000,Candidate (R-TX27),Republican
"Griffith, Morgan",22550,12550,10000,Candidate (R-VA09),Republican
"Cline, Ben",22501,12501,10000,Candidate (R-VA06),Republican
"Arrington, Jodey",22358,12358,10000,Candidate (R-TX19),Republican
"Scott, Austin",22350,12350,10000,Candidate (R-GA08),Republican
"Garcia, Sylvia",22333,12333,10000,Candidate (D-TX29),Democrat
"Westerman, Bruce",22146,12146,10000,Candidate (R-AR04),Republican
"Miller, Carol",22000,12000,10000,Candidate (R-WV01),Republican
"Moolenaar, John",21500,11500,10000,Candidate (R-MI02),Republican
"Perry, Scott",21250,16250,5000,Candidate (R-PA10),Republican
"Brecheen, Josh",21000,11000,10000,Candidate (R-OK02),Republican
"Brown, Sherrod",20940,20940,0,Candidate (D-OHS1),Democrat
"Harris, Andy",20588,10588,10000,Candidate (R-MD01),Republican
"Smith, Adrian",20508,10508,10000,Candidate (R-NE03),Republican
"Bean, Aaron",20374,10374,10000,Candidate (R-FL04),Republican
"Bice, Stephanie",20074,10074,10000,Candidate (R-OK05),Republican
"Simpson, Mike",19250,9250,10000,Candidate (R-ID02),Republican
"Bilirakis, Gus",19250,9250,10000,Candidate (R-FL12),Republican
"Huizenga, Bill",19100,9100,10000,Candidate (R-MI04),Republican
"Larson, John",18700,13700,5000,Candidate (D-CT01),Democrat
"Carter, John",18500,13500,5000,Candidate (R-TX31),Republican
"Strong, Dale",18499,13499,5000,Candidate (R-AL05),Republican
"Comer, James",18400,8400,10000,Candidate (R-KY01),Republican
"Stutzman, Marlin",18300,8300,10000,Candidate (R-IN03),Republican
"Harris, Mark",18250,8250,10000,Candidate (R-NC08),Republican
"Self, Keith",18100,8100,10000,Candidate (R-TX03),Republican
"Rouzer, David",18002,13002,5000,Candidate (R-NC07),Republican
"Conaway, Herb",18001,13001,5000,Candidate (D-NJ03),Democrat
"Mcdowell, Addison",17500,7500,10000,Candidate (R-NC06),Republican
"Lee, Susie",16800,6800,10000,Candidate (D-NV03),Democrat
"Kelly, Trent",16753,11753,5000,Candidate (R-MS01),Republican
"Haridopolos, Mike",16668,6668,10000,Candidate (R-FL08),Republican
"Zinke, Ryan",16650,16650,0,Candidate (R-MT01),Republican
"Correa, Lou",16206,11206,5000,Candidate (D-CA46),Democrat
"McClain, Lisa",16050,6050,10000,Candidate (R-MI09),Republican
Jewish Democratic Council of America,16000,16000,0,Carey,Liberal
"Williams, Roger",15900,5900,10000,Candidate (R-TX25),Republican
"Steube, Greg",15500,5500,10000,Candidate (R-FL17),Republican
"Hageman, Harriet",15500,10500,5000,Candidate (R-WY01),Republican
"Luna, Anna Paulina",15250,5250,10000,Candidate (R-FL13),Republican
"Schmidt, Derek",15250,250,15000,Candidate (R-KS02),Republican
"Gooden, Lance",15000,0,15000,Candidate (R-TX05),Republican
"Laturner, Jake",15000,10000,5000,Candidate (R-KS02),Republican
"Estes, Ron",14750,9750,5000,Candidate (R-KS04),Republican
"Donalds, Byron",14560,4560,10000,Candidate (R-FL19),Republican
"Latta, Bob",14501,9501,5000,Candidate (R-OH05),Republican
"Kilmer, Derek",14500,14500,0,Candidate (D-WA06),Democrat
"Justice, Jim",14500,14500,0,Candidate (R-WVS1),Republican
"Himes, Jim",14400,14400,0,Candidate (D-CT04),Democrat
"Clyburn, James E",14350,9350,5000,Candidate (D-SC06),Democrat
"Bishop, Sanford",14250,4250,10000,Candidate (D-GA02),Democrat
"Lesko, Debbie",14250,14250,0,Candidate (R-AZ08),Republican
"Rivas, Luz",13900,8900,5000,Candidate (D-CA29),Democrat
"McBath, Lucy",13800,3800,10000,Candidate (D-GA07),Democrat
"Amodei, Mark",13750,3750,10000,Candidate (R-NV02),Republican
"Gallego, Ruben",13630,13630,0,Candidate (D-AZ03),Democrat
"Turner, Sylvester",13600,8600,5000,Candidate (D-TX18),Democrat
"Randall, Emily",12800,7800,5000,Candidate (D-WA06),Democrat
"Courtney, Joe",11925,5925,6000,Candidate (D-CT02),Democrat
"Wilson, Frederica",11900,6900,5000,Candidate (D-FL24),Democrat
"Fitzgerald, Scott",11600,6600,5000,Candidate (R-WI05),Republican
"Guthrie, Brett",11500,1500,10000,Candidate (R-KY02),Republican
"Ansari, Yassamin",11450,11450,0,Candidate (D-AZ03),Democrat
"Ogles, Andy",11429,1429,10000,Candidate (R-TN05),Republican
"Matsui, Doris",11322,1322,10000,Candidate (D-CA07),Democrat
"D'Esposito, Anthony",11250,1250,10000,Candidate (R-NY04),Republican
"Mfume, Kweisi",11000,1000,10000,Candidate (D-MD07),Democrat
"Keating, Bill",11000,1000,10000,Candidate (D-MA09),Democrat
"Alford, Mark",11000,6000,5000,Candidate (R-MO04),Republican
"Burchett, Tim",10834,5834,5000,Candidate (R-TN02),Republican
"Crawford, Rick",10750,750,10000,Candidate (R-AR01),Republican
"Harrigan, Pat",10750,750,10000,Candidate (R-NC10),Republican
"Garcia, Robert",10700,10700,0,Candidate (D-CA42),Democrat
"Foushee, Valerie",10680,5680,5000,Candidate (D-NC04),Democrat
"McGuire, John",10600,600,10000,Candidate (R-VA05),Republican
"Rogers, Hal",10500,500,10000,Candidate (R-KY05),Republican
"Foxx, Virginia",10500,500,10000,Candidate (R-NC05),Republican
"Guest, Michael",10500,500,10000,Candidate (R-MS03),Republican
"Olszewski, John Anthony Jr.",10500,500,10000,Candidate (D-MD02),Democrat
"DeLauro, Rosa",10300,5300,5000,Candidate (D-CT03),Democrat
"Gill, Brandon",10250,250,10000,Candidate (R-TX26),Republican
"Pallone, Frank Jr",10000,0,10000,Candidate (D-NJ06),Democrat
"Lucas, Frank D",10000,0,10000,Candidate (R-OK03),Republican
"Sessions, Pete",10000,0,10000,Candidate (R-TX17),Republican
"Sherman, Brad",10000,0,10000,Candidate (D-CA32),Democrat
"Rogers, Mike D",10000,0,10000,Candidate (R-AL03),Republican
"Cleaver, Emanuel",10000,0,10000,Candidate (D-MO05),Democrat
"Miller-Meeks, Mariannette",10000,0,10000,Candidate (R-IA01),Republican
"Fleischmann, Chuck",10000,0,10000,Candidate (R-TN03),Republican
"Wagner, Ann",10000,0,10000,Candidate (R-MO02),Republican
"LaMalfa, Doug",10000,0,10000,Candidate (R-CA01),Republican
"Joyce, David P",10000,0,10000,Candidate (R-OH14),Republican
"Torres, Norma",10000,0,10000,Candidate (D-CA35),Democrat
"Rutherford, John",10000,0,10000,Candidate (R-FL05),Republican
"Johnson, Dusty",10000,0,10000,Candidate (R-SD01),Republican
"Downing, Troy",10000,0,10000,Candidate (R-MT02),Republican
"James, John",10000,0,10000,Candidate (R-MI10),Republican
"Kennedy, Mike",10000,0,10000,Candidate (R-UT03),Republican
"Feenstra, Randy",10000,0,10000,Candidate (R-IA04),Republican
"LaLota, Nick",10000,0,10000,Candidate (R-NY01),Republican
"Harshbarger, Diana",10000,0,10000,Candidate (R-TN01),Republican
"Fallon, Patrick",10000,0,10000,Candidate (R-TX04),Republican
"Flood, Mike",10000,0,10000,Candidate (R-NE01),Republican
"Finstad, Brad",10000,0,10000,Candidate (R-MN01),Republican
"Knott, Brad",10000,0,10000,Candidate (R-NC13),Republican
"Taylor, David",10000,0,10000,Candidate (R-OH02),Republican
"Rulli, Michael",10000,0,10000,Candidate (R-OH06),Republican
"Fong, Vince",10000,0,10000,Candidate (R-CA20),Republican
"Biggs, Sheri",10000,0,10000,Candidate (R-SC03),Republican
"Clarke, Yvette",9850,8850,1000,Candidate (D-NY09),Democrat
"Tiffany, Tom",9612,4612,5000,Candidate (R-WI07),Republican
"Babin, Brian",9500,3500,6000,Candidate (R-TX36),Republican
"Sherrill, Mikie",9350,9350,0,Candidate (D-NJ11),Democrat
"Johnson, Bill",9300,6300,3000,Candidate (R-OH06),Republican
"Burlison, Eric",9250,2250,7000,Candidate (R-MO07),Republican
"Quigley, Mike",9050,9050,0,Candidate (D-IL05),Democrat
"Pelosi, Nancy",8322,3322,5000,Candidate (D-CA11),Democrat
"Moore, Blake",8250,3250,5000,Candidate (R-UT01),Republican
"Friedman, Laura",7750,2750,5000,Candidate (D-CA30),Democrat
"Elfreth, Sarah",7000,2000,5000,Candidate (D-MD03),Democrat
"Fedorchak, Julie",7000,2000,5000,Candidate (R-ND01),Republican
"Del Rosal Isais, Luisa Maria",6850,6850,0,Candidate (R-TX26),Republican
"Obernolte, Jay",6572,1572,5000,Candidate (R-CA23),Republican
"Houchin, Erin",6500,1500,5000,Candidate (R-IN09),Republican
"Stauber, Pete",6250,1250,5000,Candidate (R-MN08),Republican
"Barrasso, John",6000,0,6000,Candidate (R-WYS1),Republican
"Crank, Jeffrey G",6000,1000,5000,Candidate (R-CO05),Republican
"Swalwell, Eric",6000,1000,5000,Candidate (D-CA14),Democrat
"Bentz, Cliff",5750,750,5000,Candidate (R-OR02),Republican
"Thompson, Glenn",5500,500,5000,Candidate (R-PA15),Republican
"Moore, Barry",5500,500,5000,Candidate (R-AL02),Republican
"Fulcher, Russ",5500,500,5000,Candidate (R-ID01),Republican
"Baird, Jim",5500,500,5000,Candidate (R-IN04),Republican
"Kiley, Kevin",5322,322,5000,Candidate (R-CA03),Republican
"McClintock, Tom",5237,237,5000,Candidate (R-CA05),Republican
On Wisconsin PAC                                  ,5000,0,5000,Carey,Republican
Delivers PAC,5000,0,5000,LeadPAC,Republican
"Jackson Lee, Sheila",5000,0,5000,Candidate (D-TX18),Democrat
"Case, Ed",5000,0,5000,Candidate (D-HI01),Democrat
"Jordan, Jim",5000,0,5000,Candidate (R-OH04),Republican
"Meuser, Dan",5000,0,5000,Candidate (R-PA09),Republican
"Onder, Robert Frank Jr",5000,0,5000,Candidate (R-MO03),Republican
"Luetkemeyer, Blaine",5000,0,5000,Candidate (R-MO03),Republican
"Krishnamoorthi, Raja",5000,0,5000,Candidate (D-IL08),Democrat
"Higgins, Clay",5000,0,5000,Candidate (R-LA03),Republican
"McCormick, Richard",5000,0,5000,Candidate (R-GA06),Republican
"Nehls, Troy",5000,0,5000,Candidate (R-TX22),Republican
"Ezell, Mike",5000,0,5000,Candidate (R-MS04),Republican
"Mullin, Kevin",5000,0,5000,Candidate (D-CA15),Democrat
"Moore, Tim",5000,0,5000,Candidate (R-NC14),Republican
"Shreve, Jefferson",5000,0,5000,Candidate (R-IN06),Republican
"Wied, Tony",5000,0,5000,Candidate (R-WI08),Republican
Washington State Democratic Central Cmte,4250,4250,0,Political Party,Democrat
"Hamadeh, Abraham",3505,3505,0,Candidate (R-AZ08),Republican
"Haley, Nikki",3325,3325,0,Candidate (R-PRES),Republican
Stand for America PAC,3300,3300,0,LeadPAC,Republican
"Esposito, Alison",3300,3300,0,Candidate (R-NY18),Republican
"Dobson, Caroleene",3300,3300,0,Candidate (R-AL02),Republican
"Alsobrooks, Angela",3225,3225,0,Candidate (D-MDS1),Democrat
"Jackson, Jonathan",2900,2900,0,Candidate (D-IL01),Democrat
"Schumer, Charles E",2650,2650,0,Candidate (D-NYS2),Democrat
Jobs Education & Families First,2500,2500,0,Carey,Democrat
"Allred, Colin",2500,2500,0,Candidate (D-TX32),Democrat
"Ossoff, Jon",2450,2450,0,Candidate (D-GAS1),Democrat
"Crow, Jason",2350,2350,0,Candidate (D-CO06),Democrat
"Bonamici, Suzanne",2000,1000,1000,Candidate (D-OR01),Democrat
"Edwards, Becky",2000,2000,0,Candidate (R-UT02),Republican
"Nadler, Jerrold",1800,1800,0,Candidate (D-NY12),Democrat
"Jones, Mondaire",1763,1763,0,Candidate (D-NY17),Democrat
"Rodgers, Cathy McMorris",1500,1500,0,Candidate (R-WA05),Republican
"Posey, Bill",1500,500,1000,Candidate (R-FL08),Republican
"Mucarsel-Powell, Debbie",1500,1500,0,Candidate (D-FLS1),Democrat
"Frisch, Adam",1350,1350,0,Candidate (D-CO03),Democrat
"Murphy, Christopher S",1250,1250,0,Candidate (D-CTS1),Democrat
Progressive Turnout Project                       ,1225,1225,0,Carey,Liberal
"Baldwin, Tammy",1175,1175,0,Candidate (D-WIS1),Democrat
ActBlue Non-Federal,1100,1100,0,527,Liberal
Forward Blue,1100,1100,0,Outside Group,Liberal
"Fetterman, John",1093,1093,0,Candidate (D-PAS1),Democrat
"Slotkin, Elissa",1025,1025,0,Candidate (D-MI07),Democrat
"Ruppersberger, Dutch",1000,1000,0,Candidate (D-MD02),Democrat
"Rochester, Lisa Blunt",1000,1000,0,Candidate (D-DE01),Democrat
"Hickenlooper, John",1000,1000,0,Candidate (D-COS2),Democrat
"Salas, Rudy",883,883,0,Candidate (D-CA22),Democrat
"Biggs, Andy",800,800,0,Candidate (R-AZ05),Republican
"Ferguson, Drew",750,750,0,Candidate (R-GA03),Republican
"Shah, Amish",750,750,0,Candidate (D-AZ01),Democrat
"Dexter, Maxine",750,750,0,Candidate (D-OR03),Democrat
"Rubio, Susan",725,725,0,Candidate (D-CA31),Democrat
"Engel, Kirsten",700,700,0,Candidate (D-AZ06),Democrat
"Hayes, Jahana",600,600,0,Candidate (D-CT05),Democrat
Democratic Party of North Carolina,500,500,0,Political Party,Democrat
"Romney, Mitt",500,500,0,Candidate (R-UTS1),Republican
"Lankford, James",500,500,0,Candidate (R-OKS1),Republican
"Morse, Jessica",500,500,0,Candidate (D-CA03),Democrat
"Underwood, Lauren A",500,500,0,Candidate (D-IL14),Democrat
"Kelly, Mark",500,500,0,Candidate (D-AZS1),Democrat
"Ehasz, Ashley",500,500,0,Candidate (D-PA01),Democrat
"Hertel, Curtis",500,500,0,Candidate (D-MI07),Democrat
"Stelson, Janelle",500,500,0,Candidate (D-PA10),Democrat
"Baez-Geller, Lucia",500,500,0,Candidate (D-FL27),Democrat
"Liccardo, Sam T.",500,500,0,Candidate (D-CA16),Democrat
Georgia Federal Elections Cmte,480,480,0,Political Party,Democrat
"Whitesides, George",383,383,0,Candidate (D-CA27),Democrat
"Cherny, Andrei",350,350,0,Candidate (D-AZ01),Democrat
"Vindman, Yevgeny 'Eugene'",350,350,0,Candidate (D-VA07),Democrat
"Pilip, Mazi Melesa",300,300,0,Candidate (R-NY03),Republican
"Harris, Shawn",280,280,0,Candidate (D-GA14),Democrat
American Bridge 21st Century,250,250,0,Carey,Liberal
"Norman, Ralph",250,250,0,Candidate (R-SC05),Republican
"Baumgartner, Michael",250,250,0,Candidate (R-WA05),Republican
"Trump, Donald",234,234,0,Candidate (R-PRES),Republican
November Coalition,200,200,0,Outside Group,Liberal
Medicare for All PAC,192,192,0,LeadPAC,Democrat
Moms Fed Up PAC,170,170,0,LeadPAC,Democrat
"Kaine, Tim",150,150,0,Candidate (D-VAS1),Democrat
"Womer, Zach",125,125,0,Candidate (D-PA15),Democrat
Cedar Key Progress,102,102,0,Outside Group,Liberal
Senate Majority PAC,100,100,0,Outside Group,Liberal
Tour to Save Democracy,100,100,0,Carey,Liberal
Retired Dems 2024,100,100,0,Outside Group,Liberal
"Pence, Mike",100,100,0,Candidate (R-PRES),Republican
"Marlinga, Carl",100,100,0,Candidate (D-MI10),Democrat
"Riley, Josh",100,100,0,Candidate (D-NY19),Democrat
"Barr, Callie",100,100,0,Candidate (D-MI01),Democrat
"Hubbard, Chuck",100,100,0,Candidate (D-NC05),Democrat
"Bynum, Janelle",100,100,0,Candidate (D-OR05),Democrat
"O'brien, Michael",100,100,0,Candidate (D-PA10),Democrat
"Whitten, Gregory",100,100,0,Candidate (D-AZ08),Democrat
"Nez, Jonathan",100,100,0,Candidate (D-AZ02),Democrat
"Avlon, John",100,100,0,Candidate (D-NY01),Democrat
AmeriPAC: The Fund for a Greater America,50,50,0,LeadPAC,Democrat
"Min, Dave",50,50,0,Candidate (D-CA47),Democrat
"Rollins, Will",50,50,0,Candidate (D-CA41),Democrat
"Gray, Adam",50,50,0,Candidate (D-CA13),Democrat
"Dolan, Martin",50,50,0,Candidate (D-NY14),Democrat
Democratic Party of California,25,25,0,Political Party,Democrat
"Samuels, Don",25,25,0,Candidate (D-MN05),Democrat
"Kaplan, Anna",25,25,0,Candidate (D-NY03),Democrat
"Kinniebrew, Royce Mr",25,25,0,Candidate (D-MI12),Democrat
"Bush, Cori",18,18,0,Candidate (D-MO01),Democrat
Retired Americans PAC,15,15,0,Outside Group,Liberal
"Buck, Ken",-975,0,-975,Candidate (R-CO04),Republican
